{"loss": [3.3967537879943848], "accuracy": [0.12436224520206451], "val_loss": [3.314552068710327], "val_accuracy": [0.03125]}